Security,ISIN,Qty,Buy Date,Buy Price,Buy Value,Sell Date,Sell Price,Sell Value,Sell>=23-Jul-24,Holding Period,Type,Profit/Loss
Abb India Limited,INE117A01022,1,08-May-23,3766.51,3766.51,24-Feb-25,5233.44,5233.44,Yes,658,Long Term,1466.93
Abb India Limited,INE117A01022,3,12-May-23,3908.51,11725.52,24-Feb-25,5233.44,15700.31,Yes,654,Long Term,3974.79
Contracts,INE758C01029,25,03-Apr-23,577.85,14446.18,24-Feb-25,650.46,16261.4,Yes,693,Long Term,1815.22
Contracts,INE758C01029,20,30-May-23,598.84,11976.76,24-Feb-25,650.46,13009.12,Yes,636,Long Term,1032.36
Contracts,INE758C01029,15,31-May-23,596.55,8948.22,24-Feb-25,650.46,9756.84,Yes,635,Long Term,808.62
Contracts,INE758C01029,10,05-Jun-23,599.22,5992.18,24-Feb-25,650.46,6504.56,Yes,630,Long Term,512.38
Contracts,INE758C01029,10,15-Jun-23,624.4,6243.95,24-Feb-25,650.46,6504.56,Yes,620,Long Term,260.61
Contracts,INE758C01029,20,08-Aug-23,769.88,15397.59,24-Feb-25,650.46,13009.12,Yes,566,Long Term,-2388.47
Contracts,INE758C01029,20,16-Aug-23,750.28,15005.6,24-Feb-25,650.46,13009.12,Yes,558,Long Term,-1996.48
Value,INE758C01029,20,21-Nov-23,812.02,16240.48,24-Feb-25,650.46,13009.12,Yes,461,Long Term,-3231.36
Ahluwalia Contracts,INE758C01029,20,30-Nov-23,857.86,17157.23,24-Feb-25,650.46,13009.12,Yes,452,Long Term,-4148.11
Ahluwalia Contracts,INE758C01029,10,04-Dec-23,826.52,8265.17,24-Feb-25,650.46,6504.56,Yes,448,Long Term,-1760.61
Ahluwalia Contracts,INE758C01029,15,16-Feb-24,1022.31,15334.67,24-Feb-25,650.46,9756.84,Yes,374,Long Term,-5577.84
Ahluwalia Contracts,INE758C01029,15,22-Feb-24,1164.04,17460.65,24-Feb-25,650.46,9756.84,Yes,368,Long Term,-7703.81
Apar Industries Limi,INE372A01015,5,07-Dec-22,1670.21,8351.07,30-Jul-24,9285.73,46428.65,Yes,601,Long Term,38077.58
Apar Industries Limi,INE372A01015,5,07-Dec-22,1670.26,8351.29,29-Aug-24,9235.48,46177.4,Yes,631,Long Term,37826.11
Apar Industries Limi,INE372A01015,3,30-Dec-22,1810.21,5430.63,24-Sep-24,9851.19,29553.57,Yes,634,Long Term,24122.94
Apar Industries Limi,INE372A01015,2,30-Dec-22,1810.25,3620.51,10-Oct-24,10526.46,21052.93,Yes,650,Long Term,17432.43
Apar Industries Limi,INE372A01015,3,17-Jan-23,1710.04,5130.11,10-Oct-24,10526.46,31579.39,Yes,632,Long Term,26449.28
Avantel Limited,INE005B01027,50,01-Nov-23,317.59,15879.65,07-Mar-25,119.17,5958.4,Yes,492,Long Term,-9921.25
Avantel Limited,INE005B01027,50,24-Nov-23,0.0,0.0,07-Mar-25,119.17,5958.4,Yes,469,Long Term,5958.4
Avantel Limited,INE005B01027,50,24-Nov-23,0.0,0.0,17-Mar-25,107.4,5370.23,Yes,479,Long Term,5370.23
Bank Of Baroda,INE028A01039,100,23-Jun-17,162.94,16294.4,05-Nov-24,253.23,25323.1,Yes,2692,Long Term,9028.7
Limi,INE171Z01026,50,21-Oct-22,477.16,23857.93,20-Sep-24,1142.02,57100.95,Yes,700,Long Term,33243.03
Limi,INE171Z01026,20,17-May-23,535.52,10710.39,20-Sep-24,1146.99,22939.8,Yes,492,Long Term,12229.41
Special,INE495P01012,15,30-May-23,770.77,11561.6,12-Aug-24,1407.17,21107.54,Yes,440,Long Term,9545.94
Special,INE495P01012,10,31-May-23,776.46,7764.62,12-Aug-24,1407.17,14071.69,Yes,439,Long Term,6307.07
Linde India Limited,INE473A01011,2,21-Mar-22,3323.4,6646.79,18-Sep-24,8341.73,16683.45,Yes,912,Long Term,10036.66
Linde India Limited,INE473A01011,3,23-Mar-22,3383.82,10151.47,18-Sep-24,8341.73,25025.18,Yes,910,Long Term,14873.71
Lt,INE739E01017,5,14-Dec-22,5420.15,27100.77,12-Aug-24,10586.05,52930.23,Yes,607,Long Term,25829.46
Lt,INE739E01017,3,09-May-23,6807.92,20423.75,12-Sep-24,8550.27,25650.81,Yes,492,Long Term,5227.06
Lt,INE739E01017,3,11-May-23,6878.4,20635.21,12-Sep-24,8550.27,25650.81,Yes,490,Long Term,5015.6
Lt,INE739E01017,5,12-May-23,7144.43,35722.17,12-Sep-24,8550.27,42751.35,Yes,489,Long Term,7029.2
Lt,INE739E01017,3,15-May-23,7230.88,21692.64,12-Sep-24,8550.27,25650.81,Yes,486,Long Term,3958.17
Lt,INE739E01017,3,23-May-23,7717.12,23151.37,12-Sep-24,8550.27,25650.81,Yes,478,Long Term,2499.44
Co,INE178A01016,50,09-Aug-23,377.1,18855.2,23-Oct-24,778.56,38928.05,Yes,441,Long Term,20072.85
Co,INE178A01016,40,09-Aug-23,377.1,15084.16,24-Oct-24,769.62,30784.92,Yes,442,Long Term,15700.76
Co,INE178A01016,25,25-Aug-23,386.72,9668.05,24-Oct-24,769.62,19240.58,Yes,426,Long Term,9572.53
Co,INE178A01016,35,29-Aug-23,395.57,13845.03,24-Oct-24,769.62,26936.81,Yes,422,Long Term,13091.78
Co,INE178A01016,40,29-Aug-23,400.82,16032.72,29-Oct-24,671.86,26874.28,Yes,427,Long Term,10841.56
Co,INE178A01016,25,08-Sep-23,484.81,12120.29,29-Oct-24,671.86,16796.43,Yes,417,Long Term,4676.14
Co,INE178A01016,20,11-Sep-23,503.54,10070.88,29-Oct-24,671.81,13436.16,Yes,414,Long Term,3365.28
Co,INE178A01016,50,12-Sep-23,518.65,25932.5,29-Oct-24,671.81,33590.35,Yes,413,Long Term,7657.85
Co,INE178A01016,40,14-Sep-23,530.46,21218.31,29-Oct-24,671.81,26872.28,Yes,411,Long Term,5653.97
Co,INE178A01016,20,15-Sep-23,533.76,10675.12,29-Oct-24,671.81,13436.14,Yes,410,Long Term,2761.02
Co,INE178A01016,25,19-Oct-23,603.81,15095.25,29-Oct-24,671.77,16794.18,Yes,376,Long Term,1698.94
Limi,INE704P01025,40,13-Oct-22,271.76,10870.55,28-Aug-24,2023.87,80954.83,Yes,685,Long Term,70084.29
Limi,INE704P01025,40,17-Nov-22,341.66,13666.22,28-Aug-24,2014.55,80582.06,Yes,650,Long Term,66915.85
Limi,INE704P01025,40,28-Nov-22,328.54,13141.5,28-Aug-24,2005.93,80237.14,Yes,639,Long Term,67095.66
Limi,INE704P01025,5,05-Dec-22,339.39,1696.95,28-Aug-24,2000.38,10001.88,Yes,632,Long Term,8304.94
Limi,INE704P01025,15,05-Dec-22,339.39,5090.84,29-Aug-24,1984.14,29762.09,Yes,633,Long Term,24671.25
Limi,INE704P01025,35,17-Aug-23,436.5,15277.49,29-Aug-24,1984.14,69444.87,Yes,378,Long Term,54167.37
Limi,INE704P01025,5,17-Aug-23,435.57,2177.83,27-Sep-24,1737.86,8689.3,Yes,407,Long Term,6511.47
Limi,INE704P01025,10,11-Sep-23,614.33,6143.25,27-Sep-24,1737.86,17378.6,Yes,382,Long Term,11235.35
Cummins India Ltd,INE298A01020,5,17-Mar-23,1691.91,8459.54,24-Feb-25,2780.58,13902.88,Yes,710,Long Term,5443.34
(India),INE158B01016,25,08-Nov-23,1475.38,36884.58,12-Mar-25,1395.33,34883.36,Yes,490,Long Term,-2001.22
(India),INE158B01016,25,08-Nov-23,1475.38,36884.58,17-Mar-25,1390.29,34757.2,Yes,495,Long Term,-2127.38
Limi,INE737H01014,10,08-Aug-22,1669.76,16697.55,09-Aug-24,1293.32,12933.17,Yes,732,Long Term,-3764.38
Limi,INE737H01014,10,10-Aug-22,1696.94,16969.43,09-Aug-24,1293.27,12932.66,Yes,730,Long Term,-4036.78
Limi,INE737H01014,10,25-Aug-22,1546.71,15467.1,09-Aug-24,1293.27,12932.66,Yes,715,Long Term,-2534.44
Limi,INE737H01014,10,16-Nov-22,1961.56,19615.59,09-Aug-24,1293.27,12932.66,Yes,632,Long Term,-6682.93
Limi,INE737H01014,10,21-Nov-22,1922.93,19229.33,09-Aug-24,1293.27,12932.66,Yes,627,Long Term,-6296.67
Filatex India Limite,INE816B01035,100,23-Mar-23,37.31,3731.3,21-Feb-25,43.78,4377.9,Yes,701,Long Term,646.6
Gravita India Limite,INE024L01027,20,29-May-23,586.63,11732.57,12-Aug-24,1776.59,35531.78,Yes,441,Long Term,23799.22
Shipbui,INE382Z01011,20,23-Nov-22,523.69,10473.72,28-Aug-24,1773.15,35463.02,Yes,644,Long Term,24989.29
Shipbui,INE382Z01011,20,19-Jun-23,604.25,12085.04,28-Aug-24,1770.69,35413.83,Yes,436,Long Term,23328.79
Shipbui,INE382Z01011,20,17-Aug-23,797.31,15946.22,28-Aug-24,1768.25,35364.9,Yes,377,Long Term,19418.68
Heg Limited,INE545A01024,10,13-Jun-23,1409.92,14099.21,31-Jul-24,2234.39,22343.92,Yes,414,Long Term,8244.71
Heg Limited,INE545A01024,10,15-Jun-23,1452.22,14522.18,31-Jul-24,2234.39,22343.92,Yes,412,Long Term,7821.74
Heg Limited,INE545A01024,10,16-Jun-23,1641.55,16415.52,13-Aug-24,2179.77,21797.72,Yes,424,Long Term,5382.2
Heg Limited,INE545A01024,5,10-Aug-23,1761.79,8808.96,13-Aug-24,2179.77,10898.86,Yes,369,Long Term,2089.91
Heg Limited,INE545A01024,30,10-Aug-23,352.36,10570.78,09-Dec-24,582.93,17487.84,Yes,487,Long Term,6917.07
Ircon International,INE962Y01021,100,08-Aug-23,101.46,10146.4,16-Sep-24,239.58,23957.5,Yes,405,Long Term,13811.11
Ircon International,INE962Y01021,100,12-Sep-23,170.0,16999.6,16-Sep-24,239.53,23952.7,Yes,370,Long Term,6953.1
Ene,INE202E01016,100,15-Jan-24,115.77,11576.7,17-Mar-25,141.02,14101.5,Yes,427,Long Term,2524.8
Ene,INE202E01016,50,15-Jan-24,121.75,6087.63,18-Mar-25,143.99,7199.7,Yes,428,Long Term,1112.08
Ene,INE202E01016,50,30-Jan-24,188.47,9423.7,18-Mar-25,143.99,7199.7,Yes,413,Long Term,-2224.0
Ene,INE202E01016,100,30-Jan-24,185.48,18548.15,19-Mar-25,150.95,15094.6,Yes,414,Long Term,-3453.55
Indian Railway Finan,INE053F01010,500,23-Nov-22,29.41,14703.5,21-Aug-24,178.43,89212.53,Yes,637,Long Term,74509.04
Indian Railway Finan,INE053F01010,200,27-Apr-23,30.36,6072.8,21-Aug-24,178.41,35682.8,Yes,482,Long Term,29610.0
Indian Railway Finan,INE053F01010,300,02-May-23,33.89,10166.7,21-Aug-24,178.41,53524.2,Yes,477,Long Term,43357.51
Indian Railway Finan,INE053F01010,300,08-Aug-23,50.46,15136.5,21-Aug-24,178.41,53524.2,Yes,379,Long Term,38387.7
Jbm Auto Limited,INE927D01051,10,16-Jun-23,997.02,9970.18,28-Aug-24,1909.73,19097.31,Yes,439,Long Term,9127.12
Larsen & Toubro Ltd,INE018A01030,10,22-Aug-23,2693.86,26938.56,25-Sep-24,3777.62,37776.18,Yes,400,Long Term,10837.62
Shipbui,INE249Z01020,5,13-Oct-22,639.45,3197.27,16-Sep-24,4250.31,21251.54,Yes,704,Long Term,18054.28
Shipbui,INE249Z01020,15,13-Oct-22,639.45,9591.8,04-Oct-24,4089.72,61345.75,Yes,722,Long Term,51753.95
Shipbui,INE249Z01020,5,17-Nov-22,892.74,4463.69,04-Oct-24,4086.3,20431.52,Yes,687,Long Term,15967.82
Shipbui,INE249Z01020,10,28-Nov-22,883.97,8839.74,08-Oct-24,4026.87,40268.7,Yes,680,Long Term,31428.96
Shipbui,INE249Z01020,5,30-Nov-22,906.38,4531.91,10-Oct-24,4174.46,20872.31,Yes,680,Long Term,16340.42
Shipbui,INE249Z01020,5,30-Nov-22,906.38,4531.91,15-Oct-24,4369.48,21847.39,Yes,685,Long Term,17315.48
Shipbui,INE249Z01020,5,19-Jun-23,1208.5,6042.52,15-Oct-24,4369.48,21847.39,Yes,484,Long Term,15804.87
Hrudayalaya,INE410P01011,20,26-May-23,871.13,17422.62,12-Dec-24,1283.04,25660.72,Yes,566,Long Term,8238.1
Hrudayalaya,INE410P01011,20,31-May-23,885.06,17701.17,12-Dec-24,1283.04,25660.72,Yes,561,Long Term,7959.56
Hrudayalaya,INE410P01011,10,01-Jun-23,916.13,9161.3,12-Dec-24,1283.04,12830.36,Yes,560,Long Term,3669.07
Hrudayalaya,INE410P01011,10,02-Jun-23,937.1,9370.98,12-Dec-24,1284.03,12840.31,Yes,559,Long Term,3469.33
Hrudayalaya,INE410P01011,10,07-Jun-23,938.96,9389.6,12-Dec-24,1284.03,12840.3,Yes,554,Long Term,3450.7
Hrudayalaya,INE410P01011,20,09-Jun-23,936.59,18731.82,12-Dec-24,1284.03,25680.6,Yes,552,Long Term,6948.78
Hrudayalaya,INE410P01011,10,14-Jun-23,966.25,9662.46,12-Dec-24,1284.03,12840.3,Yes,547,Long Term,3177.84
Hrudayalaya,INE410P01011,5,14-Jun-23,952.03,4760.15,13-Dec-24,1281.05,6405.25,Yes,548,Long Term,1645.11
Hrudayalaya,INE410P01011,10,15-Jun-23,1006.08,10060.81,13-Dec-24,1281.05,12810.51,Yes,547,Long Term,2749.7
Hrudayalaya,INE410P01011,10,16-Jun-23,1037.3,10373.01,13-Dec-24,1281.05,12810.51,Yes,546,Long Term,2437.5
Hrudayalaya,INE410P01011,10,23-Jun-23,986.95,9869.45,13-Dec-24,1281.05,12810.51,Yes,539,Long Term,2941.06
Nmdc Limited,INE584A01023,100,04-Sep-23,139.15,13915.45,14-Oct-24,235.36,23535.6,Yes,406,Long Term,9620.15
Spac,INE045601023,20,17-Aug-23,689.86,13797.1,03-Oct-24,1092.37,21847.38,Yes,413,Long Term,8050.28
Railtel Corporation,INE0DD101019,50,24-Nov-22,144.11,7205.7,17-Sep-24,464.81,23240.45,Yes,663,Long Term,16034.75
Railtel Corporation,INE0DD101019,100,24-Nov-22,144.11,14411.4,18-Sep-24,464.11,46410.81,Yes,664,Long Term,31999.42
Railtel Corporation,INE0DD101019,50,22-Aug-23,176.9,8844.76,18-Sep-24,464.02,23200.86,Yes,393,Long Term,14356.11
Railtel Corporation,INE0DD101019,50,22-Aug-23,176.9,8844.75,03-Oct-24,444.18,22209.16,Yes,408,Long Term,13364.41
Railtel Corporation,INE0DD101019,50,29-Aug-23,195.78,9788.9,03-Oct-24,444.15,22207.37,Yes,401,Long Term,12418.47
Railtel Corporation,INE0DD101019,50,29-Aug-23,195.78,9788.9,04-Oct-24,430.41,21520.41,Yes,402,Long Term,11731.51
Me,INE961O01016,10,18-May-23,913.43,9134.26,05-Aug-24,1164.76,11647.59,Yes,445,Long Term,2513.32
Me,INE961O01016,15,29-May-23,989.76,14846.45,05-Aug-24,1164.28,17464.25,Yes,434,Long Term,2617.81
Me,INE961O01016,20,31-May-23,979.39,19587.86,05-Aug-24,1164.15,23283.03,Yes,432,Long Term,3695.17
Rites Limited,INE320J01015,50,09-Aug-23,471.32,23565.8,26-Aug-24,648.27,32413.55,Yes,383,Long Term,8847.74
Lim,INE415G01027,75,23-Nov-22,61.18,4588.58,17-Sep-24,527.02,39526.52,Yes,664,Long Term,34937.97
Lim,INE415G01027,125,23-Nov-22,61.18,7647.63,18-Sep-24,530.15,66268.38,Yes,665,Long Term,58620.77
Lim,INE415G01027,25,24-Nov-22,66.92,1673.03,18-Sep-24,528.16,13203.98,Yes,664,Long Term,11530.95
Lim,INE415G01027,50,24-Nov-22,66.92,3346.05,23-Sep-24,531.29,26564.45,Yes,669,Long Term,23218.4
Lim,INE415G01027,100,24-Nov-22,66.92,6692.1,24-Sep-24,522.37,52237.31,Yes,670,Long Term,45545.22
Lim,INE415G01027,25,24-Nov-22,66.92,1673.03,25-Sep-24,514.41,12860.15,Yes,671,Long Term,11187.13
Corp,INE672A01018,5,28-Sep-23,3494.59,17472.96,05-Mar-25,6057.68,30288.41,Yes,524,Long Term,12815.45
Corp,INE672A01018,5,20-Nov-23,4439.69,22198.45,07-Mar-25,6355.6,31778.01,Yes,473,Long Term,9579.55
Limited,INE155A01022,25,15-May-23,536.66,13416.57,24-Feb-25,665.35,16633.78,Yes,651,Long Term,3217.21
Engin,INE621L01012,100,08-Aug-23,115.46,11546.3,21-Oct-24,197.13,19713.3,Yes,440,Long Term,8167.0
Engin,INE621L01012,100,17-Aug-23,122.36,12236.1,21-Oct-24,197.13,19712.53,Yes,431,Long Term,7476.43
Engin,INE621L01012,25,28-Aug-23,147.19,3679.78,22-Oct-24,187.18,4679.42,Yes,421,Long Term,999.65
Tcpl Packaging Ltd,INE822C01015,5,06-Oct-22,1156.14,5780.71,19-Aug-24,3102.44,15512.21,Yes,683,Long Term,9731.51
Tcpl Packaging Ltd,INE822C01015,5,07-Oct-22,1208.51,6042.55,19-Aug-24,3101.69,15508.47,Yes,682,Long Term,9465.93
Tcpl Packaging Ltd,INE822C01015,10,10-Oct-22,1239.83,12398.25,19-Aug-24,3101.38,31013.83,Yes,679,Long Term,18615.58
Tcpl Packaging Ltd,INE822C01015,5,19-Oct-22,1274.56,6372.79,05-Sep-24,3364.5,16822.48,Yes,687,Long Term,10449.7
Tcpl Packaging Ltd,INE822C01015,5,20-Oct-22,1353.53,6767.64,05-Sep-24,3364.49,16822.46,Yes,686,Long Term,10054.82
Tcpl Packaging Ltd,INE822C01015,5,20-Oct-22,1354.03,6770.15,23-Sep-24,3545.23,17726.17,Yes,704,Long Term,10956.02
Tcpl Packaging Ltd,INE822C01015,5,21-Nov-22,1680.78,8403.91,23-Sep-24,3545.23,17726.16,Yes,672,Long Term,9322.25
Tcpl Packaging Ltd,INE822C01015,5,21-Nov-22,1680.82,8404.1,09-Oct-24,3361.52,16807.58,Yes,688,Long Term,8403.48
Tcpl Packaging Ltd,INE822C01015,10,01-Dec-22,1666.74,16667.37,09-Oct-24,3361.52,33615.16,Yes,678,Long Term,16947.79
Tcpl Packaging Ltd,INE822C01015,5,13-Sep-23,2064.48,10322.39,09-Oct-24,3361.52,16807.58,Yes,392,Long Term,6485.2
Tcpl Packaging Ltd,INE822C01015,2,13-Sep-23,2064.48,4128.95,14-Feb-25,3533.41,7066.81,Yes,520,Long Term,2937.86
Tcpl Packaging Ltd,INE822C01015,20,16-Oct-23,2306.52,46130.45,14-Feb-25,3546.45,70929.06,Yes,487,Long Term,24798.66
Titagarh Rail System,INE615H01020,50,05-Apr-23,273.73,13686.34,15-Oct-24,1112.23,55611.55,Yes,559,Long Term,41925.22
Titagarh Rail System,INE615H01020,25,06-Apr-23,279.97,6999.28,21-Oct-24,1150.79,28769.78,Yes,564,Long Term,21770.51
Titagarh Rail System,INE615H01020,10,30-May-23,363.23,3632.27,21-Oct-24,1151.95,11519.54,Yes,510,Long Term,7887.27
Titagarh Rail System,INE615H01020,5,05-Jun-23,383.75,1918.74,21-Oct-24,1151.95,5759.77,Yes,504,Long Term,3841.05
Titagarh Rail System,INE615H01020,15,05-Jun-23,381.73,5725.89,22-Oct-24,1117.2,16757.93,Yes,505,Long Term,11032.04
Titagarh Rail System,INE615H01020,10,07-Jun-23,394.1,3941.04,22-Oct-24,1117.2,11171.95,Yes,503,Long Term,7230.91
Limi,INE200M01039,20,12-Sep-22,548.52,10970.48,20-Aug-24,1476.39,29527.72,Yes,708,Long Term,18557.25
Limi,INE200M01039,20,23-Sep-22,579.3,11586.06,20-Aug-24,1476.26,29525.27,Yes,697,Long Term,17939.2
Limi,INE200M01039,10,01-Dec-22,631.95,6319.51,20-Aug-24,1476.04,14760.38,Yes,628,Long Term,8440.88
Communications,INE151A01013,10,04-Oct-22,1200.45,12004.47,23-Sep-24,1996.06,19960.57,Yes,720,Long Term,7956.11
Communications,INE151A01013,10,08-Jun-23,1489.33,14893.3,23-Sep-24,1996.06,19960.57,Yes,473,Long Term,5067.27
Communications,INE151A01013,5,13-Jun-23,1607.21,8036.05,07-Mar-25,1375.39,6876.96,Yes,633,Long Term,-1159.1
Communications,INE151A01013,10,14-Jun-23,1650.11,16501.1,07-Mar-25,1375.39,13753.91,Yes,632,Long Term,-2747.19
Communications,INE151A01013,5,04-Sep-23,1844.93,9224.67,07-Mar-25,1375.39,6876.96,Yes,550,Long Term,-2347.72
Communications,INE151A01013,5,04-Sep-23,1844.93,9224.67,10-Mar-25,1376.38,6881.92,Yes,553,Long Term,-2342.75
Communications,INE151A01013,10,13-Sep-23,1918.76,19187.56,10-Mar-25,1376.38,13763.84,Yes,544,Long Term,-5423.73
Hubtown Limited,INE703H01016,50,13-Aug-24,276.94,13846.95,12-Sep-24,257.9,12894.8,Yes,30,Short Term,-952.15
Hubtown Limited,INE703H01016,50,14-Aug-24,271.91,13595.7,12-Sep-24,257.9,12894.8,Yes,29,Short Term,-700.9
In,INE371P01015,5,23-Oct-24,6344.65,31723.27,20-Feb-25,5814.38,29071.92,Yes,120,Short Term,-2651.36
Anant Raj Limited,INE242C01024,25,16-Sep-24,654.61,16365.18,05-Nov-24,729.9,18247.53,Yes,50,Short Term,1882.35
Anant Raj Limited,INE242C01024,25,16-Sep-24,654.61,16365.18,05-Mar-25,466.74,11668.5,Yes,170,Short Term,-4696.68
Systems,INE713T01028,200,19-Jul-24,126.59,25318.2,16-Dec-24,97.35,19469.0,Yes,150,Short Term,-5849.2
Ser,INE025R01021,10,28-Nov-24,332.19,3321.87,24-Feb-25,261.78,2617.77,Yes,88,Short Term,-704.1
Avantel Limited,INE005B01027,50,19-Jun-24,176.65,8832.25,17-Mar-25,107.4,5370.0,Yes,271,Short Term,-3462.25
Avantel Limited,INE005B01027,100,02-Jul-24,189.13,18913.2,17-Mar-25,107.4,10740.0,Yes,258,Short Term,-8173.2
Avantel Limited,INE005B01027,100,07-Oct-24,193.07,19306.8,17-Mar-25,107.4,10740.0,Yes,161,Short Term,-8566.81
Bank Of Baroda,INE028A01039,100,29-Oct-24,254.04,25403.8,05-Nov-24,253.23,25323.1,Yes,7,Short Term,-80.7
Bank Of Baroda,INE028A01039,100,29-Oct-24,254.04,25403.8,02-Dec-24,243.81,24380.7,Yes,34,Short Term,-1023.1
Limi,INE171Z01026,20,16-Apr-24,915.95,18318.91,20-Sep-24,1146.99,22939.8,Yes,157,Short Term,4620.89
Limi,INE171Z01026,10,25-Apr-24,1050.64,10506.44,20-Sep-24,1146.99,11469.9,Yes,148,Short Term,963.47
Limi,INE171Z01026,10,25-Apr-24,1050.64,10506.44,25-Sep-24,1107.27,11072.65,Yes,153,Short Term,566.22
Limi,INE171Z01026,10,28-Jun-24,1597.24,15972.39,25-Sep-24,1107.27,11072.65,Yes,89,Short Term,-4899.74
Limi,INE171Z01026,10,28-Jun-24,1597.24,15972.4,27-Sep-24,1127.13,11271.26,Yes,91,Short Term,-4701.14
Limi,INE171Z01026,25,03-Jul-24,1661.7,41542.4,27-Sep-24,1127.13,28178.15,Yes,86,Short Term,-13364.25
Bharat Electronics L,INE263A01024,50,19-Dec-23,172.72,8635.8,10-Oct-24,286.6,14330.0,Yes,296,Short Term,5694.21
Bharat Electronics L,INE263A01024,100,03-Apr-24,226.17,22617.06,10-Oct-24,285.85,28585.35,Yes,190,Short Term,5968.3
Bharat Electronics L,INE263A01024,100,16-Apr-24,237.52,23752.1,10-Oct-24,285.06,28505.8,Yes,177,Short Term,4753.7
Bharat Electronics L,INE263A01024,50,02-May-24,236.67,11833.26,10-Oct-24,285.01,14250.4,Yes,161,Short Term,2417.14
Bharat Electronics L,INE263A01024,50,02-May-24,236.67,11833.3,06-Mar-25,270.21,13510.6,Yes,308,Short Term,1677.3
Bharat Electronics L,INE263A01024,100,21-May-24,281.28,28128.0,06-Mar-25,270.21,27021.2,Yes,289,Short Term,-1106.8
Bharat Electronics L,INE263A01024,100,22-May-24,278.61,27861.1,06-Mar-25,271.95,27195.1,Yes,288,Short Term,-666.0
Electri,INE257A01026,100,30-Apr-24,281.18,28117.8,23-Sep-24,272.1,27209.9,Yes,146,Short Term,-907.9
Electri,INE257A01026,100,03-May-24,315.95,31594.88,23-Sep-24,272.1,27209.9,Yes,143,Short Term,-4384.98
Bse Limited,INE118H01025,5,09-Aug-24,2678.75,13393.77,06-Mar-25,4275.13,21375.67,Yes,209,Short Term,7981.9
Bse Limited,INE118H01025,10,09-Aug-24,2678.8,26788.03,17-Mar-25,3982.18,39821.81,Yes,220,Short Term,13033.79
Bse Limited,INE118H01025,5,09-Aug-24,2678.85,13394.26,18-Mar-25,4041.76,20208.82,Yes,221,Short Term,6814.56
Limit,INE209L01016,50,01-Jul-24,702.77,35138.7,12-Mar-25,294.74,14736.95,Yes,254,Short Term,-20401.76
Ceigall India Limite,INE0AG901020,100,21-Aug-24,396.87,39686.98,05-Mar-25,256.21,25621.0,Yes,196,Short Term,-14065.98
Co,INE178A01016,100,30-Oct-23,572.94,57293.63,29-Oct-24,671.7,67170.32,Yes,365,Long Term,9876.72
Co,INE178A01016,20,01-Nov-23,594.18,11883.64,29-Oct-24,671.61,13432.29,Yes,363,Short Term,1548.64
Co,INE178A01016,20,16-Nov-23,658.89,13177.74,29-Oct-24,671.61,13432.16,Yes,348,Short Term,254.42
Co,INE178A01016,30,29-Nov-23,649.47,19484.12,29-Oct-24,671.61,20148.26,Yes,335,Short Term,664.16
Co,INE178A01016,35,01-Dec-23,682.83,23899.04,29-Oct-24,671.61,23506.32,Yes,333,Short Term,-392.73
Co,INE178A01016,10,12-Jan-24,843.94,8439.39,29-Oct-24,671.61,6716.08,Yes,291,Short Term,-1723.31
Co,INE178A01016,15,16-Feb-24,965.8,14486.96,29-Oct-24,671.61,10074.09,Yes,256,Short Term,-4412.87
Cipla Ltd,INE059A01026,20,29-Aug-24,1631.48,32629.62,21-Feb-25,1462.78,29255.64,Yes,176,Short Term,-3373.98
Coal India Limited,INE522F01014,50,29-Feb-24,439.54,21977.15,17-Sep-24,488.69,24434.3,Yes,201,Short Term,2457.15
Coal India Limited,INE522F01014,50,31-Jul-24,523.99,26199.4,17-Sep-24,488.69,24434.3,Yes,48,Short Term,-1765.1
Limi,INE704P01025,5,03-Apr-24,1082.62,5413.1,27-Sep-24,1737.86,8689.3,Yes,177,Short Term,3276.21
Limi,INE704P01025,5,03-Apr-24,1082.62,5413.1,07-Oct-24,1559.11,7795.54,Yes,187,Short Term,2382.45
Limi,INE704P01025,10,05-Apr-24,1091.68,10916.83,07-Oct-24,1559.11,15591.1,Yes,185,Short Term,4674.28
Limi,INE704P01025,5,26-Apr-24,1344.21,6721.03,07-Oct-24,1559.11,7795.55,Yes,164,Short Term,1074.52
Limi,INE704P01025,10,26-Apr-24,1344.21,13442.08,15-Oct-24,1628.62,16286.22,Yes,172,Short Term,2844.13
Industr,INE067A01029,25,16-May-24,634.46,15861.6,16-Aug-24,693.85,17346.35,Yes,92,Short Term,1484.74
Cummins India Ltd,INE298A01020,5,01-Jul-24,3961.64,19808.2,24-Feb-25,2780.58,13902.88,Yes,238,Short Term,-5905.33
Deep Industries Limi,INE0FHS01024,50,09-Sep-24,459.64,22981.76,11-Sep-24,476.6,23830.0,Yes,2,Short Term,848.25
Delhivery Limited,INE148O01028,50,21-Aug-24,433.35,21667.45,09-Sep-24,405.17,20258.45,Yes,19,Short Term,-1409.0
& S,INE417B01040,20,01-Apr-24,1042.84,20856.83,13-Aug-24,1466.26,29325.16,Yes,134,Short Term,8468.33
& S,INE417B01040,10,18-Apr-24,1286.96,12869.55,13-Aug-24,1466.26,14662.58,Yes,117,Short Term,1793.03
Eid Parry India Ltd,INE126A01031,25,20-Jun-24,807.78,20194.44,20-Aug-24,768.91,19222.7,Yes,61,Short Term,-971.75
Eid Parry India Ltd,INE126A01031,25,29-Jul-24,832.65,20816.32,20-Aug-24,768.71,19217.71,Yes,22,Short Term,-1598.62
Elin Electronics Lim,INE050401020,50,16-Sep-24,274.92,13746.18,27-Nov-24,212.52,10625.79,Yes,72,Short Term,-3120.39
Fiem Industries Limi,INE737H01014,5,04-Sep-23,2060.85,10304.26,09-Aug-24,1293.21,6466.03,Yes,340,Short Term,-3838.23
Fiem Industries Limi,INE737H01014,45,28-Feb-24,0.0,0.0,09-Aug-24,1292.84,58177.96,Yes,163,Short Term,58178.0
Fiem Industries Limi,INE737H01014,10,28-Feb-24,0.0,0.0,13-Aug-24,1309.01,13090.06,Yes,167,Short Term,13090.06
Gail India Ltd,INE129A01019,100,22-May-24,206.45,20645.3,28-Aug-24,234.37,23437.3,Yes,98,Short Term,2792.0
Infrastr,INE955D01029,25,22-Aug-24,460.32,11507.88,05-Mar-25,264.16,6603.88,Yes,195,Short Term,-4904.02
L,INE06H201014,10,12-Aug-24,1026.63,10266.3,10-Oct-24,835.17,8351.68,Yes,59,Short Term,-1914.63
Pharmaceuti,INE935A01035,10,29-Aug-24,1715.42,17154.23,02-Sep-24,1818.34,18183.4,Yes,4,Short Term,1029.17
Limit,INE362C01012,200,28-Aug-24,139.94,27988.4,10-Dec-24,121.94,24388.69,Yes,104,Short Term,-3599.72
Limi,INE127I01024,25,16-Sep-24,1280.96,32024.08,27-Nov-24,986.11,24652.78,Yes,72,Short Term,-7371.31
Shipbui,INE382Z01011,10,20-Jun-24,1778.82,17788.19,29-Aug-24,1757.72,17577.21,Yes,70,Short Term,-210.98
Shipbui,INE382Z01011,15,26-Jun-24,2100.83,31512.51,29-Aug-24,1757.72,26365.82,Yes,64,Short Term,-5146.7
Shipbui,INE382Z01011,5,04-Jul-24,2516.66,12583.31,29-Aug-24,1757.72,8788.61,Yes,56,Short Term,-3794.71
Shipbui,INE382Z01011,10,04-Jul-24,2516.7,25167.04,16-Sep-24,1747.79,17477.9,Yes,74,Short Term,-7689.14
Gujarat Gas Limited,INE844O01030,75,26-Mar-24,547.7,41077.86,20-Aug-24,586.25,43969.1,Yes,147,Short Term,2891.24
Limi,INE292B01021,50,01-Jul-24,504.15,25207.45,05-Mar-25,446.88,22343.9,Yes,247,Short Term,-2863.55
Limi,INE292B01021,50,05-Jul-24,543.83,27191.34,07-Mar-25,461.78,23088.75,Yes,245,Short Term,-4102.59
Limi,INE292B01021,50,26-Aug-24,723.94,36197.19,12-Mar-25,428.36,21417.85,Yes,198,Short Term,-14779.33
Batterie,INE783E01023,30,09-Apr-24,766.26,22987.68,16-Dec-24,669.47,20083.99,Yes,251,Short Term,-2903.68
Batterie,INE783E01023,20,09-Apr-24,766.26,15325.12,18-Dec-24,664.59,13291.7,Yes,253,Short Term,-2033.42
Batterie,INE783E01023,10,22-Apr-24,983.03,9830.26,18-Dec-24,664.59,6645.86,Yes,240,Short Term,-3184.41
Explor,INE345A01011,50,23-Aug-24,271.56,13578.05,16-Sep-24,239.58,11978.82,Yes,24,Short Term,-1599.22
Ltd,INE254N01026,50,23-Sep-24,673.74,33687.05,12-Mar-25,519.23,25961.46,Yes,170,Short Term,-7725.59
Exchan,INE022Q01020,100,18-Sep-24,225.89,22589.0,04-Dec-24,176.82,17681.5,Yes,77,Short Term,-4907.51
Exchan,INE022Q01020,100,24-Sep-24,236.67,23666.57,04-Dec-24,176.82,17681.5,Yes,71,Short Term,-5985.08
Ifci Ltd,INE039A01010,300,15-Jul-24,75.03,22508.26,16-Dec-24,63.57,19069.8,Yes,154,Short Term,-3438.46
Ifci Ltd,INE039A01010,200,15-Jul-24,75.03,15005.6,18-Dec-24,60.64,12127.2,Yes,156,Short Term,-2878.4
Ifci Ltd,INE039A01010,500,25-Jul-24,88.69,44347.0,18-Dec-24,60.63,30316.0,Yes,146,Short Term,-14031.0
Ifci Ltd,INE039A01010,300,31-Jul-24,87.62,26285.1,18-Dec-24,60.63,18187.8,Yes,140,Short Term,-8097.3
Limite,INE095A01012,20,17-Mar-25,699.93,13998.54,20-Mar-25,681.24,13624.84,Yes,3,Short Term,-373.7
Ircon International,INE962Y01021,50,19-Jan-24,231.13,11556.35,16-Sep-24,239.03,11951.5,Yes,241,Short Term,395.15
Cater,INE335Y01020,25,15-Jan-24,964.79,24119.74,17-Sep-24,925.63,23140.85,Yes,246,Short Term,-978.88
Finan,INE053F01010,300,08-Sep-23,76.29,22886.1,21-Aug-24,178.41,53524.18,Yes,348,Short Term,30638.08
Finan,INE053F01010,300,11-Sep-23,83.59,25076.4,21-Aug-24,178.41,53524.2,Yes,345,Short Term,28447.8
Finan,INE053F01010,100,12-Sep-23,90.64,9063.8,21-Aug-24,178.41,17841.4,Yes,344,Short Term,8777.6
Finan,INE053F01010,100,19-Jan-24,160.13,16012.7,21-Aug-24,178.41,17841.4,Yes,215,Short Term,1828.7
Jai Balaji Industrie,INE091G01026,25,07-Nov-23,616.54,15413.48,08-Aug-24,888.78,22219.6,Yes,275,Short Term,6806.13
Jai Balaji Industrie,INE091G01026,15,22-Feb-24,1107.81,16617.11,08-Aug-24,888.78,13331.76,Yes,168,Short Term,-3285.35
Jio Financial Servic,INE758E01017,75,15-Jan-24,265.37,19902.58,28-Nov-24,324.73,24354.92,Yes,318,Short Term,4452.35
Jio Financial Servic,INE758E01017,50,26-Feb-24,345.78,17289.2,28-Nov-24,324.24,16211.75,Yes,276,Short Term,-1077.45
Jio Financial Servic,INE758E01017,50,11-Mar-24,346.84,17342.06,28-Nov-24,323.74,16186.89,Yes,262,Short Term,-1155.17
Jio Financial Servic,INE758E01017,75,12-Mar-24,371.11,27833.23,28-Nov-24,323.74,24280.35,Yes,261,Short Term,-3552.88
Jio Financial Servic,INE758E01017,50,12-Mar-24,371.61,18580.65,29-Nov-24,326.72,16335.85,Yes,262,Short Term,-2244.8
Jio Financial Servic,INE758E01017,50,12-Mar-24,362.56,18127.85,02-Dec-24,327.71,16385.5,Yes,265,Short Term,-1742.35
J Kumar Infraproject,INE576I01022,50,29-Apr-24,688.37,34418.7,09-Sep-24,767.64,38381.85,Yes,133,Short Term,3963.15
J Kumar Infraproject,INE576I01022,25,18-Jun-24,888.05,22201.26,09-Sep-24,767.64,19190.93,Yes,83,Short Term,-3010.34
Li,INE970X01018,50,19-Feb-24,137.62,6880.92,08-Aug-24,132.72,6636.15,Yes,171,Short Term,-244.77
Lupin Limited,INE326A01037,20,28-Aug-24,2192.43,43848.58,04-Mar-25,1932.65,38652.92,Yes,188,Short Term,-5195.66
Lupin Limited,INE326A01037,20,29-Aug-24,2230.47,44609.48,04-Mar-25,1937.54,38750.85,Yes,187,Short Term,-5858.63
Man Infraconstructio,INE949H01023,50,24-Nov-23,182.28,9114.15,05-Sep-24,196.38,9818.81,Yes,286,Short Term,704.69
Man Infraconstructio,INE949H01023,100,30-Nov-23,196.89,19688.5,05-Sep-24,196.34,19634.29,Yes,280,Short Term,-54.21
Man Infraconstructio,INE949H01023,50,01-Dec-23,202.93,10146.4,05-Sep-24,196.31,9815.55,Yes,279,Short Term,-330.85
Morepen Lab. Ltd,INE083A01026,200,05-Sep-24,94.03,18806.35,17-Mar-25,44.56,8912.08,Yes,193,Short Term,-9894.27
Ncc Limited,INE868B01028,50,12-Jun-24,333.3,16665.1,24-Sep-24,308.96,15448.2,Yes,104,Short Term,-1216.93
Ncc Limited,INE868B01028,50,12-Jun-24,333.35,16667.3,09-Oct-24,299.91,14995.25,Yes,119,Short Term,-1672.05
Limited,INE987B01026,20,06-Mar-24,1032.22,20644.32,21-Feb-25,789.73,15794.66,Yes,352,Short Term,-4849.66
Limited,INE987B01026,25,16-Aug-24,1497.69,37442.25,21-Feb-25,789.71,19742.84,Yes,189,Short Term,-17699.42
Ntpc Limited,INE733E01010,50,31-Jul-24,417.69,20884.5,17-Sep-24,411.77,20588.65,Yes,48,Short Term,-295.85
Nava Limited,INE725A01030,25,08-Aug-24,924.76,23118.93,26-Aug-24,955.33,23883.15,Yes,18,Short Term,764.23
Nbcc (India) Limited,INE095N01031,50,19-Jan-24,95.07,4753.45,24-Sep-24,173.14,8657.05,Yes,249,Short Term,3903.6
Nbcc (India) Limited,INE095N01031,50,19-Jan-24,95.07,4753.45,09-Oct-24,116.19,5809.45,Yes,264,Short Term,1056.0
Nbcc (India) Limited,INE095N01031,100,01-Feb-24,139.28,13928.0,09-Oct-24,116.19,11618.9,Yes,251,Short Term,-2309.1
Nbcc (India) Limited,INE095N01031,100,02-Feb-24,165.06,16506.2,09-Oct-24,115.94,11594.0,Yes,250,Short Term,-4912.2
Nbcc (India) Limited,INE095N01031,100,29-Aug-24,199.4,19940.3,09-Oct-24,115.69,11569.1,Yes,41,Short Term,-8371.2
Nbcc (India) Limited,INE095N01031,175,07-Oct-24,0.0,0.0,05-Nov-24,95.37,16689.54,Yes,29,Short Term,16689.53
Nhpc Limited,INE848E01016,200,05-Feb-24,113.5,22699.8,21-Aug-24,95.55,19110.6,Yes,198,Short Term,-3589.2
Nmdc Limited,INE584A01023,50,17-Oct-23,167.38,8368.9,14-Oct-24,235.36,11767.8,Yes,363,Short Term,3398.9
Nmdc Limited,INE584A01023,150,02-Feb-24,236.01,35401.65,14-Oct-24,235.36,35303.4,Yes,255,Short Term,-98.25
Nmdc Limited,INE584A01023,100,29-Jul-24,246.31,24630.89,14-Oct-24,235.36,23535.6,Yes,77,Short Term,-1095.29
Onesource Specialty,INE013P01021,10,10-Oct-24,330.35,3303.45,05-Mar-25,1420.08,14200.8,Yes,146,Short Term,10897.35
Onesource Specialty,INE013P01021,5,28-Nov-24,342.14,1710.72,05-Mar-25,1420.08,7100.4,Yes,97,Short Term,5389.69
Spac,INE045601023,10,20-Jun-24,1428.65,14286.54,03-Oct-24,1092.37,10923.69,Yes,105,Short Term,-3362.85
Spac,INE045601023,30,28-Jun-24,1437.11,43113.44,03-Oct-24,1092.37,32771.07,Yes,97,Short Term,-10342.37
Communication,INE982J01020,50,16-Aug-24,553.9,27694.9,30-Aug-24,613.71,30685.6,Yes,14,Short Term,2990.7
Pilani Investment An,INE417C01014,5,13-Sep-23,2220.62,11103.1,21-Aug-24,5420.13,27100.67,Yes,343,Short Term,15997.57
Corpor,INE134E01011,50,29-Nov-23,324.53,16226.65,20-Aug-24,503.88,25194.0,Yes,265,Short Term,8967.35
Ptc India Limited,INE877F01012,100,03-Nov-23,148.85,14884.79,09-Aug-24,209.39,20938.7,Yes,280,Short Term,6053.91
Bank,INE160A01022,300,27-Sep-24,109.74,32922.6,04-Dec-24,107.75,32324.1,Yes,68,Short Term,-598.5
Railtel Corporation,INE0DD101019,50,08-Jul-24,545.04,27251.8,07-Oct-24,398.23,19911.42,Yes,91,Short Term,-7340.38
Lim,INE415G01027,25,19-Jan-24,291.15,7278.73,25-Sep-24,514.41,12860.15,Yes,250,Short Term,5581.43
Lim,INE415G01027,10,19-Jan-24,291.15,2911.49,04-Oct-24,496.88,4968.8,Yes,259,Short Term,2057.31
Lim,INE415G01027,15,19-Jan-24,291.15,4367.24,05-Nov-24,442.21,6633.14,Yes,291,Short Term,2265.9
Ltd.,INE790G01031,25,12-Sep-24,896.01,22400.13,07-Mar-25,675.28,16882.05,Yes,176,Short Term,-5518.08
Sjvn Limited,INE002L01015,200,08-Nov-23,78.55,15710.6,21-Aug-24,136.6,27319.2,Yes,287,Short Term,11608.6
Sjvn Limited,INE002L01015,200,22-Nov-23,83.09,16617.0,21-Aug-24,136.6,27319.2,Yes,273,Short Term,10702.2
Scien,INE939A01011,20,10-Oct-24,1385.74,27714.85,20-Feb-25,627.98,12559.52,Yes,133,Short Term,-15155.31
Scien,INE939A01011,10,28-Nov-24,1435.23,14352.33,20-Feb-25,627.96,6279.63,Yes,84,Short Term,-8072.7
Re,INE00M201021,25,16-May-24,790.56,19764.05,13-Aug-24,674.04,16851.11,Yes,89,Short Term,-2912.94
Corp,INE672A01018,10,25-Sep-23,3012.2,30121.96,26-Aug-24,6108.33,61083.25,Yes,336,Short Term,30961.28
Tribhovandas Bhimji,INE760L01018,150,13-Sep-24,289.03,43354.65,05-Dec-24,243.0,36450.3,Yes,83,Short Term,-6904.36
Tribhovandas Bhimji,INE760L01018,100,16-Sep-24,359.35,35935.24,05-Dec-24,243.0,24300.2,Yes,80,Short Term,-11635.04
Engin,INE621L01012,100,28-Jun-24,248.75,24875.1,22-Oct-24,187.15,18714.73,Yes,116,Short Term,-6160.38
Engin,INE621L01012,50,02-Jul-24,257.63,12881.7,22-Oct-24,187.14,9357.13,Yes,112,Short Term,-3524.57
Engin,INE621L01012,100,08-Jul-24,286.06,28606.3,22-Oct-24,187.13,18713.3,Yes,106,Short Term,-9893.0
Upl Limited-Re,INE628A20010,62,04-Dec-24,0.0,0.0,17-Dec-24,0.0,0.0,Yes,13,Short Term,0.0
Yatharth Hospital &,INE0JO301016,40,31-Oct-24,679.85,27194.18,24-Feb-25,374.38,14975.36,Yes,116,Short Term,-12218.82
Li,INE142M01025,50,16-Sep-24,1104.63,55231.3,16-Sep-24,1098.04,54901.75,Yes,0,Short Term,-329.55
